{"cameraMode":{"drawMode":0,"name":"Shaded","section":"Shading Mode"},"sceneLighting":true,"audioPlay":false,"sceneViewState":{"showFog":true,"showMaterialUpdate":false,"showSkybox":true,"showFlares":true,"showImageEffects":true,"showParticleSystems":true},"in2DMode":false,"pivot":{"x":-100.90367889404297,"y":-749.316650390625,"z":-41.17445373535156},"rotation":{"x":-0.6732009053230286,"y":0.02106473408639431,"z":-0.019191328436136247,"w":-0.7389103770256043},"size":1777.737548828125,"orthographic":false}