{"cameraMode":{"drawMode":0,"name":"Shaded","section":"Shading Mode"},"sceneLighting":false,"audioPlay":false,"sceneViewState":{"showFog":true,"showMaterialUpdate":false,"showSkybox":true,"showFlares":true,"showImageEffects":true,"showParticleSystems":true},"in2DMode":false,"pivot":{"x":34.82281494140625,"y":173.0381622314453,"z":136.56521606445313},"rotation":{"x":-0.00571852270513773,"y":0.30267131328582766,"z":0.0018160499166697264,"w":0.9530761241912842},"size":1964.642578125,"orthographic":false}